{
  "timestamp": "2025-10-11 20:37:00",
  "total_time": 388.87759709358215,
  "config": {
    "data_root": "./datasets",
    "epochs": 200,
    "lr": 0.005,
    "weight_decay": 0.0005,
    "hidden_dim": 32,
    "patience": 50
  },
  "models": [
    {
      "model_name": "gat",
      "training_time": 258.0974612236023,
      "best_epoch": 20,
      "best_val_metric": 0.910926342010498,
      "test_exact": 0.01837204396724701,
      "test_hamming": 0.9107977747917175,
      "success": true,
      "error": null
    },
    {
      "model_name": "sage",
      "training_time": 129.00984358787537,
      "best_epoch": 10,
      "best_val_metric": 0.910926342010498,
      "test_exact": 0.01837204396724701,
      "test_hamming": 0.9107977747917175,
      "success": true,
      "error": null
    }
  ],
  "successful_models": [
    "gat",
    "sage"
  ],
  "failed_models": []
}